<?xml version="1.0" encoding="UTF-8"?>
<project-private xmlns="http://www.netbeans.org/ns/project-private/1">
    <editor-bookmarks xmlns="http://www.netbeans.org/ns/editor-bookmarks/2" lastBookmarkId="0"/>
    <open-files xmlns="http://www.netbeans.org/ns/projectui-open-files/2">
        <group>
            <file>file:/C:/Users/Aluno/Documents/NetBeansProjects/ProjetoEtePi/src/Repository/RepFuncionario.java</file>
            <file>file:/C:/Users/Aluno/Documents/NetBeansProjects/ProjetoEtePi/src/BD/TesteConexao.java</file>
            <file>file:/C:/Users/Aluno/Documents/NetBeansProjects/ProjetoEtePi/src/negocio/Funcionario.java</file>
            <file>file:/C:/Users/Aluno/Documents/NetBeansProjects/ProjetoEtePi/src/BD/ConexaoBanco.java</file>
            <file>file:/C:/Users/Aluno/Documents/NetBeansProjects/ProjetoEtePi/src/view/Telalogin.java</file>
        </group>
    </open-files>
</project-private>
