<?xml version="1.0" encoding="UTF-8"?>
<project-private xmlns="http://www.netbeans.org/ns/project-private/1">
    <editor-bookmarks xmlns="http://www.netbeans.org/ns/editor-bookmarks/2" lastBookmarkId="0"/>
    <open-files xmlns="http://www.netbeans.org/ns/projectui-open-files/2">
        <group>
            <file>file:/C:/Users/Pedro%20Lucas/Documents/NetBeansProjects/ProjetoEtePi/ProjetoEtePi/src/view/TelaAcesso.java</file>
            <file>file:/C:/Users/Pedro%20Lucas/Documents/NetBeansProjects/ProjetoEtePi/ProjetoEtePi/src/view/TelaFuncionario.java</file>
            <file>file:/C:/Users/Pedro%20Lucas/Documents/NetBeansProjects/ProjetoEtePi/ProjetoEtePi/src/view/TelaVenda.java</file>
            <file>file:/C:/Users/Pedro%20Lucas/Documents/NetBeansProjects/ProjetoEtePi/ProjetoEtePi/src/view/Telalogin.java</file>
            <file>file:/C:/Users/Pedro%20Lucas/Documents/NetBeansProjects/ProjetoEtePi/ProjetoEtePi/src/negocio/Vendas.java</file>
            <file>file:/C:/Users/Pedro%20Lucas/Documents/NetBeansProjects/ProjetoEtePi/ProjetoEtePi/src/view/TelaCombustivel.java</file>
            <file>file:/C:/Users/Pedro%20Lucas/Documents/NetBeansProjects/ProjetoEtePi/ProjetoEtePi/src/negocio/Combustivel.java</file>
            <file>file:/C:/Users/Pedro%20Lucas/Documents/NetBeansProjects/ProjetoEtePi/ProjetoEtePi/src/Repository/RepCombustivel.java</file>
        </group>
    </open-files>
</project-private>
